SAMEA2622799_485_24 /location=(27049, 28296, 1) /station=TARA_124 /depth=120 /filter=0.1-0.22	415	MHTVIKSVAATVCMVGPVFATEAGLFSANLSLVAVVGITLSVFAATLCTFLCLFKCFYAEHWKIVDGTCKKFVLVNVVAGVFHVAAAVVILALGEENWPSHNRAVANSWTHVTLWRFMCYDRTNASYIINTTNCSDDDKMFFPDDNFDTFTQVHIILLCTLFSAWSGAVHLARAWFIAIDKTGNADTFWDTDTKVRFAGDYAISASIMLACFSVLYGATNIFSTFVGPAVLAILLFMSVACLKEYRATSFACEKTFAFSSLCSAYVAVLVASVGNAVYRITHVEDTDSYGEAPLDVLLASSIITVAVFSIFIIPYAYELYFTPSKGPSTALQLTLTSVYCFMSLAAKVVLHVVFVTTGLSQSKLLANNTDDPPPDPQAQLRDLAIASSAVVTTSFFIFFVLYRCVLRQKSPKKRI
SAMEA2619888_13449_4 /location=(1710, 2513, 1) /station=TARA_034 /depth=5 /filter=0.1-0.22 /best_hit=GWE1_ACD58_39_12_570 /annotation=hypothetical protein /species=GWE1_GWE1_Berkelbacteria_39_12_39_1 /domain=Bacteria	267	MEAKIQKLKRFNLIMGTVHLIQGGLLFWLGTVVNSDFVVPITLTQLVGVGSPEDPSSFALVPELEVWTEVTNFGPAVATFLLASAVAHYLISGPFYKKYKEDLSLGINKVRWIEYSISASVMIVLIALLVGIYDIWALAGIFFMNAAMCWFGWMMEVHNQYTEKVDWTSYIMGCLVGVAPWIFIFINLIGDGVATDSNPQGVPQFVVWIFVSIFLFFNTFSINMILQYKQVGKWKDYLYGERAYIWLSLLAKTCLAWQVFFGTYQPN
SAMEA2622656_166220_6 /location=(3362, 4900, -1) /station=TARA_122 /depth=5 /filter=0.1-0.22	512	MTAAKVTTMTMWVTCDTKKFNEIIVSKKRTDGRKYFDVLCVYTETEFGTESMAKLNDTLTYTYGRLAWLILIVVWLAIVISGDSSTRRWFAPSIAIIFAVGTLAYGILVYRSGDLGNDTDVARAYWKMHMLAAILHLASANGIAFATGAKDIGWYSRLTRSTSQWVPYGYNNITQKWDRWPHGIPSDELSCRNFPCVIEFGITTVTDSWPLVDLSVVFALVSGVYHVACAMYRNYDTEVDITGKTEPLAEAGLRSRVNPFRWLDYSISASVMLAVVAGLNGQSDVGNTLVPSALLFILLDITLRLEQRFNGPVQPTTSPLTGPQSAFLVLFLAYIITWYPSVSSFLSAWEGRNTQNPPDVIYTILVAILTLYTVFAGLFFFCTVLRWGPATASEEGFLILSLLSKTCLHWLLYTGTIGRHDRIWTDVSQLQHEDLGNTNHSYPANNVTYMSPFTPGDGGMNTEDTGGILGSTLGTFSISVIFALYVHYGILKGVSVQTKNKMSEKLLSETAM
SAMEA2622821_2863_3 /location=(1245, 2096, -1) /station=TARA_125 /depth=5 /filter=0.1-0.22	283	MSVALTAVALGVAITALTTNASYLMRVRLRSLHLAAALLHGGSMVAMIVFSRTEDSAYFPRSFVVHTEWRQDSRDGPRCTDTSTQTCVVVTELSAGTAVDIYAVFAAFFAVSCAFEAWYAASKSGLAKPWARWLLEYPVSAGLQTYAIALLSGVGSVYTAVLGGALVANLQLGGFVIARNKSARELQHAALVFGFVFLAVAWVPIVYSVARAEAPPLVGAIVGLTAASYVAYGCVAAGKVAKALNETNVEIGYTVLSLLSKLIVAWVWYGGAAMRSAERITSV
SAMEA2619779_1465_3 /location=(2433, 3191, 1) /station=TARA_025 /depth=5 /filter=0-0.22 /best_hit=WP_013836042.1 /annotation=xanthorhodopsin /species=Thioalkalimicrobium cyclicum /domain=Bacteria	252	METITAGQYYLVYNALSFTIATMAAATLFFWIGRSQVAPAYKTALTITGLVTFIAGYHYFRMFESWSDAYTVTNGVVEVTGARFVAEYRYVDWLLTVPLLLIELILVMRLTRSETVSKSITLGGAAALMIILGYPGEVSGGIDGTRFLWGALSMIPFLYIVYTLFVGLSKAIESQPASVRGLVSLARYVTVFSWFFYPIVYFAPFVLPVDGGGATTIIEVGYTIADIVAKAGFGVLIFLIAVRKSEEETAAA
SAMEA2622841_7188_6 /location=(2260, 2946, -1) /station=TARA_125 /depth=140 /filter=0.1-0.22 /best_hit=gi|508182128|ref|YP_008052647.1| /annotation=hypothetical protein PGCG_00329 /species=Phaeocystis globosa virus /domain=Viruses	228	MLNSKVLVYQTMYASIIIQILTSVISLHGFFVKLDPSDQILKGVLGIETFVQFVETFTYLWIIMTIHRVDNMTPRRYFDWAITTPIMLISTIIYMDYVSDKETNGTTNKTLMGFYDENKNDILKLFVYNGLMLTFGYLGERGIISKQIGIPIGFIFFFLSFHLIYTKYAYKSQSGKNLFYFVFIVWFMYGIAAMFNPIRKNISYNMLDIVAKNFYGLFIYYKILQLRV
SAMEA2622694_123_4 /location=(3731, 4813, -1) /station=TARA_122 /depth=115 /filter=0.1-0.22 /best_hit=WP_052609374.1 /annotation=hypothetical protein /species=Actinobacteria bacterium IMCC26256 /domain=Bacteria	360	MTRRFDVRGNREPFIEKASSQNRNVAEKVADIERNKGNLARVVPKGKGWKVVTNPNRLGKSEATTASQTEVPPPRIDTRASFGGISMGRKRSYNRDKGVGQEDYDRLRRFSFIVGTVHLISGLIMIAFANQDFVISILSTFAAGPPGCFESGECEPFTLVNYEATLAYWVAGFSLLSAFFHYLTVIPGMFELYQKDLERGRNLFRWVEYAFSATLMILIIMLLSGLNNLTALIGVAGANIAMILFGWLGETMNPIDRQKTDWTPFIFGCIVGIFPWLAVWGSLFINLEQLGVDWSAIPDFVWWIIISQFFLFQSFAFNHAFQYGDLYPNYLFGERIYIWLSLISKSLLAWFIYANTAILG
SAMEA2620879_18208_4 /location=(2254, 3048, -1) /station=TARA_065 /depth=5 /filter=0-0.22 /best_hit=cn_combo_scaffold_782_23 /annotation=xanthorodopsin-like rhodopsin-precursor /species=CN-SCN_Paracoccus_21x /domain=Bacteria	264	MQSLTAAQYFFVYNAFSFTFATMAAATVFLWLGRSQVGRAYRTALTISGLVTAIAAYHYWRIFESWGAAFEVRDGIVTVTGLAFNDAYRYVDWLLTVPLLLIELVLVMRLSRSETFTKATRLGLAAALMIVLGYPGEIADDNGTRALWGTLSTIPFLYIVYELFVGLGDAIKRQPVEARGLVNTARWITFASWGFYPIVYMVPYTSFSGAATETALQIGYTVADIVAKAGLGVLIYMIAVRKSEIEYGVAEPVAMRGQRPVPEV
SAMEA2622821_86_9 /location=(7581, 8720, -1) /station=TARA_125 /depth=5 /filter=0.1-0.22	379	MDYKLGLLQWRHRFAFTVHFAAFAFLLGFAIDRSGNDLSVYDRQFWINTDDYSYSEPRRWLYRCFYVYTFINRTSCYDDDKRFFVEVPPNKINVNILAVALFYVLWSASLHVCASLVPQYTRVLRWTDYSVTAPVMLLATGLAFGAQSVTALVFMPLLLGVLLIIACFVEQEATFPEFIAKNGVVSTVIKWTESESKFIPFFDISLRRQLLIVFILLAYIPTVLPLLLASKSITEEKGDLDEVTGTGTAPDYVFIFTILTIMLFNSFAIVFVINLFKPIDREKWYIYLSMLSKTALHLFLGLAVIGQSNFVNVGEASSEKADMDIITNALIGCICLVIGLFLPTVFLSNVYKYFHQDQWKQYVKDQSVQIMESLLNDDS
SAMEA2622694_5662_3 /location=(2879, 3553, 1) /station=TARA_122 /depth=115 /filter=0.1-0.22	224	MEDLTYRLFMVGTVGMLAATVYLLMASREVDAKYRRGVYISALVTGIAYYHYNKMTASYALNPGEFDTGLRYVDWVLTVPLMFVEIIAITSVGAVATKKFRDWGFAGLVMIGAGYFGEISEASSTNYWIGFVIAMAAYVYLMLQLQNEGEGMSGDELVQFNKIKNLIFVGWIIYPLGYISPVLGSDLGALRELLYNVADIINKVGLGILVLGLARIKSGEKINS
SAMEA2620384_81_21 /location=(20640, 21551, 1) /station=TARA_046 /depth=5 /filter=0-0.22 /best_hit=WP_013178725.1 /annotation=rhodopsin /species=Truepera radiovictrix /domain=Bacteria	303	MAAPVTDNTVIEPSIAQAQAALSSIENIVTLTSQQYQLVSLILMVSYGAFFAFILFFVMSAHNLAPRYRLVPILSAVVMASAGISLLQEFSLWKESYAFVDGAFRPLAENEVFTNAYRYGNWTITVPILLTQLAIAMGLRQSDVNRRALRMAVPGVLMIWAGLYGQFGAVGDFSHLNLWGVVSTIFFLWLILEVRQTLIAGMVNTPDILKPWPNNLWWFFLATWGLYPIAYALPQLGPKGEIVVAQQAIFCFADIATKLIYGLILARFVLRRSAFEGYMPAADAMASPPEKPNTGGPGLRRAP
SAMEA2621448_243_5 /location=(4693, 5442, -1) /station=TARA_082 /depth=40 /filter=0-0.22 /best_hit=WP_045474715.1 /annotation=rhodopsin /species=Winogradskyella sp. PG-2 /domain=Bacteria	249	MKTLLLNIPLLQDASKMATDDYVGFTFFVGCMAMMAAAAFFFFSMNDFDKKWKTSILVSGLITFIAAVHYWYMRDYWASYGESPTFFRYVDWILTVPLMCVEFYLILVVAGAKKSLMWKLILASVIMLVTGYFGEAVYTTGSGPAVWGLISGLAYFYIVYEIWLGSAKKLATKAGGSLLRAHKMLCWFVLVGWAIYPIGYMAGTTGWYDGIFDGLNMDVIYNIGDAINKIGFGLVVYGAAVAARDKATA
SAMEA2620078_932_9 /location=(9301, 10050, 1) /station=TARA_039 /depth=5 /filter=0-0.22 /best_hit=WP_013454904.1 /annotation=rhodopsin /species=Marivirga tractuosa /domain=Bacteria	249	MNLTLAADLVGLDRIINSDPVAITFFIGYMAMFASAVFFFVERGSVDGKWKTSLLVSGLITGIAAVHYYYMRDFYLQTGSSPTAFRYVDWTLTVPLMCVEFYLLTKPFGAKGSILFKLIVASLFMLITGYIGETSGIDSNIMWGILSTLGYLYIVYEVFAGDVAKLAKDSNSPALGRAMFLLKIFITLGWSIYPIGYMVLPGNLLSGAFEVSSIDLFYNLADAINKIGFGLVIYSVAISESSKNKTAAA
SAMEA2622821_977_25 /location=(18811, 19659, 1) /station=TARA_125 /depth=5 /filter=0.1-0.22	282	MQLFPSSVDTLNYYAIWLHGLSFIVIFALFITDNSDTNFNTDLFTTEITELTNGDKNVTLKVKRVATISTIQLKIFILFTFLFTCIVHFFYYTNGLGSGVYLDQIRKSQNVFRWMEYAISSTAMIFVLCIISGVKEADTVMLISLINAALMSLGYFVEIAPTKKAKIIALFVGFYIFGILWYTILSTFYSRINQIQKIDNPTKPGQKRKVPSWVKQVLTPMFFWYLSFGIVATLYVKNYDKPGFNFITYERYYIILSYLSKAFMGYYLAYGLTRPKADDLTE
SAMEA2622656_751785_5 /location=(2456, 3211, -1) /station=TARA_122 /depth=5 /filter=0.1-0.22	251	MKRSSPKRKISRRSRGGGISLTNPTYMSFLSAFLALSGTTILTVLASFSDIAKENTYLRQALVSESCVNIVAGLTYSLFIKYLYEEHLTLEGVTPLRYLDWAITTPLLLFSFTLYVQYFDEDTRTTTVDFTPLIYIIAFNFGMLYFGFLGETGDSNQLLFFVLGFGAYAGLFYFLYEKYVDGRDNTILTYYIIFAVVWGLYGLAYLLPIQWKNIVYNILDVISKAGFGILIWVSMIQENPKLSNSPLTLTI
SAMEA2620894_5152_5 /location=(3809, 5290, 1) /station=TARA_065 /depth=30 /filter=0.1-0.22	493	MLDPKRTRSNHTSEARRGERKPLLKLDWREKGLVGRPDCLDPYAFSKESDKFGFKASDRIKWLDYLSCFLSIIAFVLALWYGNSHPFSIELWDENVLVSPNTTMAVYQNLNASVNSTEVELRSAQLITGLELRSQSVEGFCYEKRSVYNIKRQWNNTVYVGSAIIEPAAWPGTVRPWYLLIWIFLVSIVFQGSRALNNDIDRRSIERYDPLKPDYWRWVEYALTSPFQVFLIATSVMIGERSQLLSLMGLQGALVMIGFANEKRIDKFYKRAIKIFGEKNYELPQGQEKPSAQDGDQRDRFRPQNKVIKLVVLMVMSWLFFALIWFIILSRFGRQARNLDDCAFADEMPWAVWFIVTGQLTLFAAFGLVQTWQVWRVFRDLGVYYQLFTDGKICIVFNKTKEKFMKFNTTEDKKNYYESNKKKDENDQEELTDVQNSDDKKAFSIRKRKESWNAVALWYSLLSVLAKSLLEFGFIFLVTAQEDMVLSTETHSL
SAMEA2622694_1094_7 /location=(5976, 6890, -1) /station=TARA_122 /depth=115 /filter=0.1-0.22	304	MDSLLTLNFGAFGLHLLLLVALIAYYYIKTPKKTSVTLFKNKTSSFEGDDACDKCNCWPEKGLTSDMEIDLFWLTAAFTAVTALAHLAYATNGFGTGFYLKSIKNGSNPLRWLEYGVSASCMAVILAVLSGIRLRNYIIIIFLATFAQMLQGYNIEASVARGNAKSLESAIPLIAGWVLLIAVWFGTFDEWYSAFSDFKSRKSECISDNCVTTSEEGEPPKFIEHLITVVFVLFASFGLVNIAHVINGSRGTVNFRNYERAYIILSFVSKALLIIWSLSSVFNGELEWLQACATEDTCSCIPIV
SAMEA2622763_252012_3 /location=(1977, 2738, 1) /station=TARA_124 /depth=5 /filter=0.1-0.22 /best_hit=gi|508182128|ref|YP_008052647.1| /annotation=hypothetical protein PGCG_00329 /species=Phaeocystis globosa virus /domain=Viruses	253	MKYVTRQSSSHSIIIYYNILYYTIMIKDKLVKQTVYLSLLIQLVTTAISLNGLTYSLRPEDMILKDILILEAIVQFVEAGFYIWVIMALNRLEIMTPRRYIDWFITTPTMLVSTIIFMEYKKQKEKGRSFTFDEFLTTHKDNIIKIVTLNGLMLLFGYLGEINVLETKTAVAIGSFFFILTFRLIYEDYAKYTTLGKNLFYFLTIVWALYAVAACLNLHYKNTMYNLLDIVSKNFYGLFIYLYIHDVNASYTR
SAMEA2622821_2165_2 /location=(884, 1546, 1) /station=TARA_125 /depth=5 /filter=0.1-0.22 /best_hit=WP_052608042.1 /annotation=hypothetical protein /species=Actinobacteria bacterium IMCC26256 /domain=Bacteria	220	MEELTYRLFMVATVGMLAGTVFLLASSREVKPEHRRGVYISALVCGIAWYHYQKMGASWESGAYDTGLRYVDWVLTVPLMFVEVLAVTRRGAAYNEAVRNWGIAATVMIGAGYYGETSAAGSNEYWTGFVIAMATYVWLMRNLQAEGEGLKGDEAAAFENIKNLILVGWIIYPLGYIAPVVGDFDAIREVLYTIADIINKVGLGVLVLQMARVKSGEKVS
SAMEA2622694_5455_7 /location=(3855, 4649, -1) /station=TARA_122 /depth=115 /filter=0.1-0.22	264	MESWTLVHLILAFIHALVGVYVLGWLGNSILKTEQQVYWTKPETEEKNDEFHYNLEKQHIFSVSPIAIHGAVSLITALSHLIAAYIYRDLTHGVKNQRPNTLRWTEYSITATLMTLSGYISVGQGDIYILTTVTVLGVFLQVCGYFIEKDVKEDTWWRYLWIGSLIQFLIVLPVTAWTTSAEIGNGGLFAAWVAYSVYYALFPLNAFYDAKYKKNFRETDKRYVVLSFTSKMALLCKSPLLVLHLFDFFTQSFFFVDFFTGITV
SAMEA2619974_26253_4 /location=(1729, 2493, -1) /station=TARA_037 /depth=600 /filter=0.1-0.22 /best_hit=WP_011281819.1 /annotation=bacteriorhodopsin /species=Candidatus Pelagibacter ubique /domain=Bacteria	254	MKRLKLFAFAALAFLGLSGSANADTAILASDDFVGITFWVISMGMLAATAFFFMERGSAASAWRAPITVAGLITGIAFVHYMYMRNVWVQTGDSPIVYRYIDWLITMPLQMAEFYLILSAVRKVSGGMFWRLLLGSLVMVVGGYMGEAGHINEMLGFFTFMTGWIYVLYEIFSGEAGKIAARSGNKGLTSAFGALRMIVTIGWAIYPLGYVFGYLTGGVDANSLNIIYNLGDFVNKIAFCLVIWAAAISNTKQR
SAMEA2619974_1564_24 /location=(25686, 26405, -1) /station=TARA_037 /depth=600 /filter=0.1-0.22	239	MLNGMMSLLYTIGTIVLMVVGRSGMFITLDTYDITFAYRNMSMYALEKRPGVGGSIYIYPTVFFIYAIPAIAHLVYLLDEKYTRLFYRKQMNENVHLYRWVEYVISGAPLVVVIGYCGGLVTPTGLLFYASVFIFLLFYAYTLEVTVYKGEIVFTGWLLVLLSHIALFYRLGKNADGIYTWMTATVEITCVLFFLIGVFKSIVEMHTYEISACKEERVFVFTGFVIRTIVVSMLAANLL
SAMEA2620836_5793_4 /location=(2504, 3616, -1) /station=TARA_064 /depth=65 /filter=0.1-0.22	370	MWTAEFKWFVGLLPPYAFVWLPSIYAYAWLVEKGNEDKDDTHVAPPRFVWVSVAILFVLFLLFPAAYGINLLRPLPQSPGELVTREKLYTIASMIAKVSLHAILGFSVIGQSAALDAVVNQRNNTTKIRNTPRDDADTLRNIILAVVASIAVLSLGTVWLLKATKDAKVALRRLHASAAMVHILSATVILTVALSETGGNLKRYQAKPDLNLFLKPEPWMAQCYNETTNVLEPTPAAKCPGSDNVAVYTNSHRGKGKGINIALLAFAFAFWSGVCHFWSRHIVCNANWRDLRSLAAHLALLRWIDYGLSAPLMILTLNVIFAATNLAGVVVSPLLLLLLLGLAAYNELSVLWPPAWWLQTLVVRYNALLL
SAMEA2622821_2987_7 /location=(4858, 5595, 1) /station=TARA_125 /depth=5 /filter=0.1-0.22	245	MIENIKKMTKVGKGVNKVDLNSPVYLSFFLSMLALSGSTIFTVLGSLADYNKEQRYLKNALISETVVNVIATLTYVYFMQYLYENKIKLENITSIRYLDWVITTPLLLLSFALYSSYTTNKGRKAGTSFQDVDFTPLIYIIILNLFMLLFGFLGETNQINKHIGFTISVIFFIILFYFIYTDYVQDKDESLTPLFGVFTAVWFLYGVAYYLPVIKKNIAYNILDMISKSAFGIFLWFSTITDLDN
SAMEA2620812_6_315 /location=(324437, 325720, 1) /station=TARA_064 /depth=5 /filter=0-0.22 /best_hit=WP_012180185.1 /annotation=bacteriochlorophyll synthase /species=Dinoroseobacter shibae /domain=Bacteria	427	MQGWVTIFRLGLVQMALGAIVVLTTSTLNRLMVIEMALPAVLPGLLVALHYGIQITRPNWGFLSDAGGRRTTWIIGGMAALALGAFGAAFGVVLFETSFAAGLALSIASYALIGLGVGASGTSLLALLASVTEPRLRAAAATITWLMMIAGIAVTAGTAGAFLDPYTHARLLEVVACVTGGAVLLTILAVWRVERRARVETEPQENARFIDGLREVWSEPRARNFTIFVFLSMTAYFMQELILEPYAGLVFGFTPGQSTSLSGAQNGGVFLGMLTVGVAATGFKLGSLRSWVIAGCLGSAGTLAVISALGGSAFAQLFVPAVVLLGFFNGMFAVAAIASMMALAGEGRGGRVGTRMGLWGAAQALAAGFGGLMGAGAVDIARTMMSDAPAFGAVFLFEATLFVLTAVMAFRVMAPRPIATATLVPGE
SAMEA2622763_8595_22 /location=(17850, 18545, 1) /station=TARA_124 /depth=5 /filter=0.1-0.22 /best_hit=gi|508182128|ref|YP_008052647.1| /annotation=hypothetical protein PGCG_00329 /species=Phaeocystis globosa virus /domain=Viruses	231	MNISKNLVTKTIWFSLVMQIITGIIPLQAFFIRIPEQHQILSDILTLETVVQFVELVFYIWIAYAVLNVDVMTSRRYIDWVITTPTMLLSTIMFMKYQEQKEKGKLKEEPVETLKFLNTYKNEILSIFAYNLGMLVFGFLGEVNILSQYISIPVGFVFFAKSFELIYNNFGKKSVLGEKLFMFLLSVWSLYGVAAAFPANLKNVSYNLLDIVAKNFYGLYIYYKILQVRND
SAMEA2622821_1035_9 /location=(9220, 10311, -1) /station=TARA_125 /depth=5 /filter=0.1-0.22	363	MSKYCRSWPPDDEVLLRRRHRFAAAVHFTAFAFLIGFAAERVGGLNNLDEYTDQFWMVNDKFSLEPRRWLYRCYQNNTFTNATSSCPDGDKRFYVEAIGNLSRINIVAMACFYVLWSALGHAVASIRVEWTRILRWADYAFTAPVMLVVLGLAFGADSVTAIVLAPSLLAVLLLVAAVYEPNPRRPFLLLYQQQQLAIVLSFVLYIPTVVPVLTASWRITTERADALEQRGVGTAPDFVFWFSLAIVLLFTSFAAVYLYDLCLPTKTNFDRNRWYIYLSMVSKTCLHLFLGLSVIEQSNTVGVDEPSTNESEMDTLAIGLGGAAGLTILLAVANYAITAHYFLTRPKDYKQPEVQMQLLGSFM
SAMEA2622656_667556_7 /location=(3331, 4044, 1) /station=TARA_122 /depth=5 /filter=0.1-0.22	237	MSKKPQWTNMSFLLTFLGLTGTIVFTAFGAFDEFSEKEKHLKSALITETAVNIIAGITYTYMIKYINEKTIVPGEITSIRYLDWLLTTPFLILSFMFYSNYIDNKHNDSEKIIKVNYRPLAWIIPLNIIMLIFGFLGEEKQISNSFSLIGGFAAFAGLFYSIWDAYVKDKNEEMSNIFYPFLVVWLLYGIAFLLKGDVKEISYNFLDLISKTGFGIFLWANNVDRDNSTCNKECLAN
SAMEA2622821_5867_5 /location=(2557, 3042, -1) /station=TARA_125 /depth=5 /filter=0.1-0.22	161	MVLDSDGFRILHAHRYAVSATLGTLALYTSTDAEYNPDVVFLLISLAIAEQTVGFMLDENFETPIRLQVVQWASAFLGQIAEFTVVGRAVYASNNPNLSGYWSYVVCWSLFGLWAMRNLRARQDKSEAEIIEDIPTAEFGYSLLSTVSKSLVFIFTGLHLS
SAMEA2620004_2216_4 /location=(5580, 6440, 1) /station=TARA_038 /depth=5 /filter=0.1-0.22	286	MRSDSLDARLTKLFRISSGIAAFVHLILALIVFIDVLNQEWIVPFFIRYTNWTETDDSLDCGEKGNVCTLSLSERDAGTANIGIIVPFFSFVSGVHHLYAGLNTDGYIESIYAGGANPYRAWDYAISSGLMIVIVSILFRAPSDPTFLVVLALLQAMICFMGYTIELVRSNINHHIRLDAGTGPSNDKDNRLSWFRLGANQLFLIASVAYAGLWTSLLIPFFYAVEDAPKVVIAYIMFMVIVFSVFPVIFYATRNYSSKEQIIKRELYYTSASFLSKIPPLLLLWT
SAMEA2622821_36_64 /location=(54555, 56063, 1) /station=TARA_125 /depth=5 /filter=0.1-0.22	502	MIVSYGLIYCLSAAENGLNIAKEGLYRTYPKLLKAFWVITATAYLYLYALCAHNADAINNDLMRFAILLFTWFPLSAMAWALAVWDDTTETNGIACVRVTAALSLGFVLLAGRISDEYVWLQWIAVGVIVIQHVVIDAIVWVRMLEQREPFNAHAYAAMVHIGSAVAIYIYGMEKSNYETRFYQFPVKLDDISDFDPYRWQYVCRNQTLSTCGDDDKNFSIEGRYDHNLYVHTLVLTSAFAAWSGFWHVVAAGTSPDVARKIKWIDYAGSAPMMLIVISLQYGHHKLSGIVIAPIVLGLLILWAGQKRESPNGVPPAWFLMSLAIYALVWVPSGHTFNLSFGKAQEPVITETEISPGLGEPPKFVWAFYAITVALFSSFPVVYALQIWHALDENTEEKAYIGLSLIAKLTLHLYIGLTVIASAGTLDETKITTMDTLLPGLIGTGVIVFFVSFLVRYAKLDEPWPKYTVVYNQAQGVYEGFLMVETKTAKLPGAFLQISAVA
SAMEA2622841_845_19 /location=(25810, 26757, -1) /station=TARA_125 /depth=140 /filter=0.1-0.22 /best_hit=WP_048085542.1 /annotation=membrane protein /species=Methanobacterium formicicum /domain=Archaea	315	MAHIFTFVFNAFAFPRMIVECVPVIVIDGPQWPIKTIDRYNLYALILHTLSAVLLIAFTAGNPHWPVYSTIELVDWLPVNASDLGRRCDDVPCRVNVSRKVVDTVPLEWLVVAFHGMSVIAHFCNRFAYRDIYIEWLKRKMNPGRWLEYFFSASIMQTVIMVLSGFTNVWTLCFSTVMLAVTQLFGHATEQYLWASRAESLSFAERWQFFFFGWISFLPPWIAIYYQFYYSVSNSKGPGPPDWVNAIIWSLLIVFGSFAVVMAWYVRNWSRWDVSFVSEKWYCILSLVSKTILTWQLYFGVFNRAERDLLAYKPT
SAMEA2622694_8297_3 /location=(955, 1656, 1) /station=TARA_122 /depth=115 /filter=0.1-0.22	233	MFAIISILFVAPPDINTLMLSYSIQSLVVVAGAGSEALYAADRRNWSKYLYFSTLLLFAVPWVALFLTFGISVDSTPTEDRCGVEFPPTTEKKTPPDFVWGAILGLFFTFSSFAVVHAFKIYQGSLDFHSHLKYEFVYSFLSFTSKIILLGNVASGIFARSDNNIKTADLFTNVTANEFFEEEKEEGDSSLFWAFLGGSAGLAIILGTAMLWSTWGLLGIPEKIPKKIGKLVF
SAMEA2622694_8297_2 /location=(506, 937, 1) /station=TARA_122 /depth=115 /filter=0.1-0.22	143	MANGAESRFFNWQLVLGCLHYAAAFGLAGYAEMEGKDWTTYVYYNYNAWVAGKETNMPSGDGSVIYSIEERVSDDKVSLIWASAAFSIISGTHHFFAFFFQKWYKRNCIVSGVNVARWVDYGLCFLFFFDLLKKIAKKLIFHN
SAMEA2622694_5837_6 /location=(3486, 4460, 1) /station=TARA_122 /depth=115 /filter=0.1-0.22	324	MVKSNSGNNLIRANIGAASLHGILLVALIVFYFLNNPEKTSVSLFDESWDLSDETKRCECWAPQGYVTTNSEINLLTMTLIFTIITFIAHVFYASNISNLYLSAIESGKNPYRWIEYGGSASIMLGILSVLAGNRNRNLFILTIIATFAQMLQGYSIESAVASGGSVVDRLVPLVAGWALLAGAWYAVYHKWYDGMTQAFENYDYCKENNDDFDEGGGKPPEFIAHLINVVFIMFASFGFVNLAYVINSFIGDAKSNFKIYELAYITLSFIAKAILIIWCLSSIFNGELEWLQNPGSLDKDVGCVPIPTSSETLLSDPATVGFG
SAMEA2622656_757758_3 /location=(804, 1679, -1) /station=TARA_122 /depth=5 /filter=0.1-0.22	291	MTTIPGNLKTLNFWAAILHGFSFLAILIVFATLRSGSINFPTSLWRLKTEALSEDNMEFTGMGAKKQMVIHGDYLKAGVLLTFGLTCIAHIFYYTNGFGSGAYSNQLKQGKNDFRWLEYSITATIMILVLSSISAVKNTKIYFILAVMNIVLQGIGFMIENTTNLQVKIVGLCIGFLLLAATWYGILDSFYNALDDAKDIPDREGPPDWVRGVIIPMFVWWLSFGIVALVQTINYKKKGYDYIKYERGYIILSYLSKAFMGYYLAFGLTRPAPRRKNKENENEEKREVKVN
SAMEA2622841_4175_5 /location=(7400, 7903, 1) /station=TARA_125 /depth=140 /filter=0.1-0.22	167	MGLDPWTLTRYTALNFFLAALHYTVSGLVISSNNDEQFKVPLVYSFNNWYPAGDGAANCGSGCLITEERIKIADINVVFMIAFFGFISGTNHLIQGCGGLADKLDDWFSGYVVTAIRNVDFAFSAALMLQVVAILFLAPADVQTLSTLPAPGPPGPRPIPGFNPVPC
SAMEA2622841_4175_6 /location=(7929, 8891, 1) /station=TARA_125 /depth=140 /filter=0.1-0.22	320	MFCFQFLTQLAGCSAEFIRQIEITRDLGKRGGGPPEVSLARPIFYSAAAIYVLPWSLLFTLFYASGYRDPAPPAVKILAEPIDGTAGLEAAEPPLQVVFFLGWIFVSFALFPIVMFLKINTGQGLYRDKVVDVASWNFRFEVWFSVLSFISKIPLQAFFALGAFNRERIAPVTGTFSDNLAETQDEFNARVVASSIWPGAAAVVLGFLTIWMFSDTLKLDGPWGFLKKVGWFLLAAALLGLAVFVPVLAPELATGVGLNSLSSLLTVVVAGAAQKTYLWLHSTRGPTERTRGPVTYNPVYAPAGGKSATGPTAGLMSNIF
SAMEA2620991_0_139 /location=(151230, 152024, 1) /station=TARA_067 /depth=5 /filter=0-0.22 /best_hit=YP_445623.1 /annotation=xanthorhodopsin /species=Salinibacter ruber /domain=Bacteria	264	MLEQPTLTFGEYTLVYNMLSFAIASMIFSGLFFVLSRDRVAPKYRISLVVSTLVVGIAAYHYLRIFNSWEAAYMITDAGNYIASGKPFNDAYRYIDWLLTVPLLVVELVLVIGLAKDKQSSMLTKLVIAAFLMILLGYPGEILMDDSLFSMRGLWGLLSTIPFIYIVYVLWGELGTAMADQTGKVQILFRNIRLLLLATWGFYPIVYMAPFFGWTGAESEIAIQVGYSIADVLAKAGYGVMIYAIARAKSEAEGYEVGQSTVSA
SAMEA2620413_398524_5 /location=(3241, 3666, -1) /station=TARA_048 /depth=5 /filter=0.1-0.22 /best_hit=WP_023793561.1 /annotation=hypothetical protein /species=Candidatus Saccharibacteria bacterium RAAC3_TM7_1 /domain=Bacteria	141	MMVAISLLVGVYDFMSLVMIFSLVAIMNLMGLVMEVHNQTTRRTNWLSYWIGCFAGLVPWVVIGFYMWLGADQGSKAPDFVYWIFVSIFVFFNCFAVNMVLQYKKVGPWKNYLYGEFIYIVLSLVAKSLLAWQVFAGTLRP
SAMEA2619888_2657_1 /location=(1, 624, 1) /station=TARA_034 /depth=5 /filter=0.1-0.22 /best_hit=WP_021779400.1 /annotation=bacteriorhodopsin /species=Dokdonia sp. MED134 /domain=Bacteria	207	SAFFFLSMNSHDNKWRTSILVSGLITFIAAVHYWYMREYWITNQTSPTFFRYVDWILTVPLMCVEFYLILKAAGATTKLMWRMIMLSVVMLVTGYLGEAVYTTGVGPAAWGLISGIAYFVIVYDIWMGEAKKLATSAGGATLSAHNMLCKFVLIGWAIYPIGYMAGTEGWYSGIFGGLEMDVIYNVGDAINKIGFGLVVYNLAVQSK
SAMEA2620861_993414_2 /location=(3128, 4048, -1) /station=TARA_065 /depth=5 /filter=0.1-0.22	306	MLTGQELIPKNFAAVVSEQAKLKRWNFYAFLLHLGSSLFMAPFVRLPLQCMSYSEWTVQATYVTVGWNSTTPGKDDCGKDECTIQQCTHYVGGTGIPLESLVFGFHFGSALAHLGFVLWPGYYDSVCRRGNPWRWLEYAVTASLMIVVIMVTVGIVALWELVSAAVLTAVTQFFGWLCEVLVQRRDDELYAYCKRIFWVGAFTALPPWVAIMFTYQDSVNNSKVSVPWFVTVIVIALAVMFGSFAMVMCWRLRDNKEQRSEELNVKAEKAYIILSFISKALLAWLLWFGAFRRSSINLKQAPPAAC
SAMEA2620210_22238_3 /location=(2235, 3149, -1) /station=TARA_041 /depth=5 /filter=0-0.22 /best_hit=WP_052476770.1 /annotation=hypothetical protein /species=Nonlabens marinus /domain=Bacteria	304	MVTSELASQFGSIENVVALSVDQYTSGSLILMVSYGAHFAFILFFLAMAWQLAPRYRIVPILSAVVMASAGLSLLREFMIWEQSYELVGGVYRPLADNTSFTNAFRYGNWTITVPILLTQLAIAFGLPRPELHKRAVRMIIPALLMIWTGLYGQFGETGDFLRLNIWGVISTVFFVWLIIEVRGVIGRGVATSPPELKGWPKNIWWYFLATWGLYPIAYALPQLGFDGDIVVVRQLLFSIADISSKLLYGLILSRYVLRRSALEGYVPAAEALETSPLGAVVASKRSVPPLGADSRHSNQGAPA
SAMEA2622821_4750_5 /location=(2593, 4221, 1) /station=TARA_125 /depth=5 /filter=0.1-0.22	542	MAMNYERIQLHPWPGVQETTPLPTAHGRPLKTKEEQRAKPVKADTVEVGQAGDGTQSSDLISLARVVADAQMANPPMDVTHRTVPTWTVWLAIVWACLALSLGGAVSISYFAWDTLPGSSVIIGCVWFAVVWYVGYWWHLRIIWDEHSSKEYIARRHEWAVTLYRWNYACALAHVTLSIVIARLIGDNAWPVRASITQYAWRPVNETDALLNRTCSTEGVVCKVTTTGAELGFLHAEWIVFSFHMLSGLGHTVVCLNLLKDRRYILVPVLGFWPAQTLRDFLRPNCAYLNNLDHKMNPWRWIEYFFSASLMQVVIMVLTGFTNVWMLVLSASCIAVTQAFGYAAEWQVSLYTECNKKFTSSSLWWWALGDVVVCAFFAVAFRDDTVARDTFIVLAVVSVVAVVAFVVEETEIEMQKWVFYFLGWFAFFGPWLAVYYTFYDSINIASESGGAASKPPTWVNFIIWSLVILFGFFAVVMAWYLKHWKDPFVSYWSEMGYLILSLVAKAALAFQLWYGLVQREDRGLQPPQPFNVTDACSKLTGG
SAMEA2619888_5436_11 /location=(10726, 11241, 1) /station=TARA_034 /depth=5 /filter=0.1-0.22 /best_hit=WP_045474715.1 /annotation=rhodopsin /species=Winogradskyella sp. PG-2 /domain=Bacteria	172	MEKFLSLFAMVPAVDNSDYVGFTFFVGCMAMMAASAFFFLSMNSHDNKWRTSILVSGLITFIAAVHYWYMREYWITNQTSPTFFRYVDWILTVPLMCVEFYLILKAAGATTKLMWRMIMLSVVMLVAGYLGEAVYTTGVGPAAWGLISGIAYFVIVYDIWMGEAKKLATSAG
SAMEA2622821_301_9 /location=(5879, 6562, -1) /station=TARA_125 /depth=5 /filter=0.1-0.22 /best_hit=gi|508182128|ref|YP_008052647.1| /annotation=hypothetical protein PGCG_00329 /species=Phaeocystis globosa virus /domain=Viruses	227	MKLLTVKNTMWFSLLVQIITGIISLHGLFITLPEKDRILTDILGLETIVQFVEMVFYIWISYAMINVNVMASRRYLDWVITTPTMLLSTIIFMKYQEEKEKKGDKVDFWGFMEENKKEILLMFGYNFGMLAFGFLGELNIISKYISTPIGFYFFYKTFDLIYYKFADATQLGKNLFTFMVSVWSLYGVAAVMPSNIKNISYNLLDIVAKNFYGLYLYYKILQISKGN
SAMEA2620413_1059347_23 /location=(22119, 23030, 1) /station=TARA_048 /depth=5 /filter=0.1-0.22 /best_hit=WP_013178725.1 /annotation=rhodopsin /species=Truepera radiovictrix /domain=Bacteria	303	MAAPIADTTVAEPQIAQADAAISAIENLVTLTSQQYHLGSLILMVSYAAFFAFILFFLMSVQNLAPRYRLVPILSAVVMASAGLTLLQEFGLWKESYAYVDGLYRPLAQNDSFSNAYRYGNWTITVPILLAQLAIAMGLRQAEVHRRALRMAVPGVLMVWTGLYGQFGAVGDFSHLNLWGVISSIFFLWLILEVRQTLIAGLATTPDILKSWPSNLWWFFLATWGLYPLAYALPQLGATGDLVVARQAIYSFADIASKLIYGIILARFVLRRSAFEGYMPAAEALASAPDKPNTGGPGLRRAP
SAMEA2619888_1894_14 /location=(11981, 12787, -1) /station=TARA_034 /depth=5 /filter=0.1-0.22 /best_hit=WP_007636130.1 /annotation=blue-light absorbing proteorhodopsin /species=Paraglaciecola psychrophila /domain=Bacteria	268	MDNILANKNGKARGLAIGTSIALGVVMLPTVAAETQILAEDDWVGISFWIATAMMLASTVFFLVERQNVDDKWKTSMTVAALVTGVAWYHYTYMREVAVMEGGGSPLVYRYIDWLITVPLQVVEFYLIMAAIGAATFAMFRNLMAASIVMLVAGFFGESGAWDLFGDSSTEIWWVIGMAGWGYILYALWAGDVKEASESGSDGVQFAFTSMRWIVSVGWAIYPIGYMMGNDMLDGFNADDMNIIYNIADLVNKTAFGMMVWYAAKMDS
SAMEA2622656_676960_6 /location=(2490, 3338, -1) /station=TARA_122 /depth=5 /filter=0.1-0.22	282	MQLFSSDIKKLNYYAAWLHGLSFAGVLGAFLAKNEEVNFSTEVFRLKVVDLQKGDREATLEAQKVGKVPTEALKTAILLMFIITCIFHIFYYTDGFKTGLYTEQIRNKRNLFRWLEYGITSTIMIFVLSIMSGVKSSDQIFTLCSANLILMSLGYFIEVSPTKRDKIVGLIMGFYLLFSIWYVILSNFFRRINEVEDLDNPNKPGEKRKIAGWVKQVLIPMFFWYLSFGIVSTLYVKNYDKPGFDFKIYERYYIILSYLSKAFMGYYLAFGLTRPKSEDASD
SAMEA2620413_22449_15 /location=(20262, 21362, 1) /station=TARA_048 /depth=5 /filter=0.1-0.22 /best_hit=WP_013491075.1 /annotation=hypothetical protein /species=Intrasporangium calvum /domain=Bacteria	366	MVGSRQLDTRIGKAQFRPVNTSESRVEADVVADNIRNSGKLARVIEGSDGYSVLVGPNRMPKKVQSERYDTSKQFKPKPRIMRLNNQNYYNSEKKKPKISASTEDKYRRIRRFSFIVGTVHLIAGLLMIFFANNEFVIGITSSFTAGPPGCASAEVDPCERFTITNFDARLAYWVAGFSLLSAFFHYLTVSPLFFESYVNNLERGRNPFRWIEYSLSSTLMVLIIMLLSGLTALTALIGVAFANISMILFGWISEIMNPPDRDKTDWTPFIFGCIAGLGAWAALYGSLFINLEQLGVDYSEIPSFVWFILITQFALFNVFALNHALQFVKGFYSGGYLDGERYYIWLSLISKSLLAWSIYINTLVL
SAMEA2620894_2057_7_split_1 SAMEA2620894_2057_7 /location=(5242, 7062, 1) /station=TARA_065 /depth=30 /filter=0.1-0.22	198	WHLKLWNGMLFVLHLASGVALAWLADSSGTWTAYVTFSRSQWGKNKPDNATSGFDTNTCEDGNCYITTVPCLLSQANIEYMVLAFHLLSTLQHLAVCLDWNDHYSVNILDGNHWMRWFEYAFSASIMFASWAFLCGITDVVALVPLCVCVGTTQMFGYFSDAAARMTWPKTRNRSNAIASQDETGYVEDSSNTALLVT
SAMEA2620894_2057_7_split_2 SAMEA2620894_2057_7 /location=(5242, 7062, 1) /station=TARA_065 /depth=30 /filter=0.1-0.22	95	WIFTLAWVPYLLGAWFMTFAVFHDSLQHPGPNAGDPPDALYVIIVTQFLFFSCFAGAQIWYLWKPNQQRYLDTEFYFCLLSLVSKTALAWSLYSG
SAMEA2620065_1362_10 /location=(6986, 7771, 1) /station=TARA_039 /depth=5 /filter=0.1-0.22 /best_hit=WP_013750003.1 /annotation=rhodopsin /species=Dokdonia sp. 4H-3-7-5 /domain=Bacteria	261	MVYENLFQYTPIQHDLIAQSLTVTYTIMLAALLYFAFSLKTNAPKYRTSGILSIVVMTSAFIILFYQSQSWQNAFTFSPEIGKYVLDSGADLFSNGYRYLNWLIDVPMLLFQILFIVNLSQKEFITKRNWFFISGAAMILLGYVGQFYEVTDPKMFINYGIISSIFFIHILYLIYGIIKGAIKDLSKPAGKIMASIWILFLFSWTLYPIAYYMPILGYGEWGVVARQIIFSVADVLSKVIYGILLMRVGQIRSKEDGYKYS
SAMEA2619974_711_11 /location=(8222, 8977, 1) /station=TARA_037 /depth=600 /filter=0.1-0.22 /best_hit=WP_011281819.1 /annotation=bacteriorhodopsin /species=Candidatus Pelagibacter ubique /domain=Bacteria	251	MSKVKIIVIALVALIGISSNAYSKVALLQPDDFVGFTFWLVSIACLATTAFFFLEHSSVTRAWKAPIAVAGIVTGIAFIHSMYVGNIWVATGDSPIIYRYVDWLITMPLLTIQFYLVLSVVKKVSPILFWKFLIAPLVMVLGCYAGEAGYISSFLGFVIWMVGWIYILYEIFPGEAGRLCAKSTNGELVTAFGKMRMIVVIGWTIYPLGYVFGYLTGGIDSNTLNVIYNFADFINKIAFALVIWVAARNQY
SAMEA2620879_2909_7 /location=(7470, 7880, -1) /station=TARA_065 /depth=5 /filter=0-0.22 /best_hit=WP_014781807.1 /annotation=large conductance mechanosensitive channel protein MscL /species=Aequorivita sublithincola /domain=Bacteria	136	MLKEFKNFIMTGNVIDLAVAVILAGAVGMVVTGFTNDIMMPIVGHFTGGVDFSDLKIVLSEAIVAADGTVEKPENAVMWGKWVNAIINLIIVGFVLFLIVKAYNKTKKPKEEKPAAPKGPTQEELLIEIRDELRKK
SAMEA2622841_5411_5 /location=(4069, 5160, 1) /station=TARA_125 /depth=140 /filter=0.1-0.22	363	MPRHRRYARVGAKPSDGDTLSPAMRAKLEWWNAVMAIVHLTWAVMIVTLGLAGRAPYTLRVERSWRRVNTTVLPPIITNPCCGGSANVTVATAVAAAGCASGDAVYQDDVFEWFDCIRTVREVMDEELVDDDTRARLYVLDPTLLFEVPVWFLLFTFELITALVHGLLATAKRVCYEWYVAHRMQPYRWFEYSITSSIMLLAIFSLSRISDVYQLSGLFLCSVFLCLGGGLLFEVFDYAQTDAVTMPSQVKGLLGTLKWLLFGLSWAAFALHYVCLFDAFYTAIEPYFELPSAHLWEQLFLFIKVLNFSILGAYFSFPVLHVLQVTRAVSYAWAERGYMVLSLVSKTLLTLIIFVAAMRRRRD
SAMEA2620106_1_85 /location=(81389, 82114, 1) /station=TARA_039 /depth=270 /filter=0.1-0.22 /best_hit=WP_015482291.1 /annotation=rhodopsin /species=Polaribacter sp. MED152 /domain=Bacteria	241	MYYFSKFLAVAKMATDDYVGFTFFVGCMAMMAASAFFFLSMNNFDKKWRTSILVSGLITFIAAVHYWYMRDYWASNAESPTFFRYVDWVLTVPLMCVEFYLILKVAGAKRSMMWRLIFLSVIMLVTGYFGEAVYRDQAWFWGLISGIAYFVIVYDIWLGEAKKLAEEAGGAVLKAHKTLCWFVLVGWAIYPLGYMAGTPGWYSFIGDWGLNMDVIYNIGDAVNKIGFGLVVYGAALASSND
SAMEA2622821_36_75 /location=(77872, 78708, 1) /station=TARA_125 /depth=5 /filter=0.1-0.22	278	MLHKLKMQTLEAMGDTNYAYRARVAHDAIGATVHPIAAGLLLAMEKVAKTTTIKLLVAQELVAFVFHVFYCLWHAQPTLMYRAFGPAEGTRNSGKWAEYALSATLGTIAVLYASEQTIDWWWILLLCATCVSQQLIGYTLDQEEQKPQIKWANFCIAWILQICEFLIVLSLPERSGSSTEETYSLRIVYVLAWSSFGMLAFIDIKREDNQRFLPDWNDTIEAMYACLSWTSKLAVVLLSVYPFAYVAVLALLGGIVCIAATWIFIIQNTSYTQVNAVL
SAMEA2622694_2378_7 /location=(4962, 5627, -1) /station=TARA_122 /depth=115 /filter=0.1-0.22	221	MSSSLEVTTRLALGGLIGTTVITVIGALQSEDSTFYENKRVALTIESAVNIIASYMYMGIGPLLNNGNIDKANDLRYLDWYLTCPLLIVSFIYYLRSRDSEECDDTEKECDFPWVTALVAITSTLIMLTFGMAGRTRGSANKFSWLAMMGFVAFGGLATSLYVRYPHQLGAISIFLTVWLLYGIVYFLPLNKTVNREAAYNVLDVISKSGFGVFLFFAMNG
SAMEA2622656_202829_4 /location=(2024, 3058, 1) /station=TARA_122 /depth=5 /filter=0.1-0.22	344	MDYTKLRNAYPDESQPSIGWLKIAHGLGFLCQLGLVIAISVALDDATDKLLAQSTVLSVLDKPRFPERIGTTSIFGEGRRLKAGKSFEALVGNLVARGANCEHTSCCRGNDYDTIEEIPEEVLISDCWIETDHRWANPYRAHVSEPGYRILWLVLMAPLISSLHHLFALYILFGKDEVPGVWIKYLDYSLSASFILIALYMLVKVYSFELQILGFFCSALSIGVFGYVYEMTGRNTAFWVGCVCHIMAWVPFFVNLGQLLAHRSQLEVQIEPETAEVAEDNGGKSANMTGIGLAIGGCIVVFVAYPIATFIFRESKNLQLYHTVLSVFAKTFLAVGVLVAVRFF
SAMEA2622821_373_21 /location=(21010, 21696, -1) /station=TARA_125 /depth=5 /filter=0.1-0.22 /best_hit=gi|508182128|ref|YP_008052647.1| /annotation=hypothetical protein PGCG_00329 /species=Phaeocystis globosa virus /domain=Viruses	228	MFTTTNVKTTIWFSLIIQLITGIIPLHSLFIKLNQEHEILKDILILETVVQFIEMLFYIWIALAVLNVKKMASRRYMDWILTTPAMLLSTIMFMKYQEKKEQQKLQEESIQTKDFLNKNKDNIIKIFLYNLAMLTFGFLGEQNILSKYISIPIGFVFFFKTFEIIYNNYAIHSNLGRNLFYFMFIVWSLYGIAATLKPNEKNVSYNVLDIIAKNFYGLFIYYQILQIN
SAMEA2622821_6471_3 /location=(5074, 6237, -1) /station=TARA_125 /depth=5 /filter=0.1-0.22	387	MYTSQQARHLFAAAVHFVAFWFLLGFALGEDSDLSVYNEQFWWVHNKWSLVPRTWYYKCYNTTSSSFDATDFSCSDDDKRFYVQRQPGQTITFVNALVLACIYVGWSSLGHLVAAMRPEYQRSIRWLDYSVTAPTMLVVLSLSFGADSTTAIVLAPTLLAMLLVFAGILERRCDCGGVKTMSYYRVTTIALLFLLFIPTMIPVIYASHAITKDKEPGTGTAPKFVFAFSIVVVILFSSFAAVYAWDMFMPMESDRRERWYIYLSMIAKTSLHLFLGLTVIGQSNNVGVDEPSTDEDNMDTLAIGLGGAAALVVGLGVINYYFDRIFGYDTMQARDIWINNKLYLMLRADFFLPPHEEPENNKAALQEKVPASAPPPPPPEYTEKAVP
SAMEA2620894_2001_5 /location=(2822, 3508, 1) /station=TARA_065 /depth=30 /filter=0.1-0.22 /best_hit=gi|508182128|ref|YP_008052647.1| /annotation=hypothetical protein PGCG_00329 /species=Phaeocystis globosa virus /domain=Viruses	228	MVNAKLLVYKTIYLSLAIQIITTLISLHGFFIKLDKKDEILKDILAIEAIVQFVEAFFYVWVILALKHMENMTRRRYIDWMITTPIMLLSTIIFMEFKYNRENNLEKITLKDFINKNKTNIIKIAVFNGLMLLFGYLGETEIIPKYIGIPIGFVFFYLSFKIIYDEYAYKTDIGKKLFYFVAGVWSLYGIAAMLHMPYKNISYNMLDVVAKNFYGLYIYYKILQYKKD
SAMEA2622821_5116_8 /location=(6271, 6972, -1) /station=TARA_125 /depth=5 /filter=0.1-0.22	233	MGSPRIAVDLFAAFAHFVLLITICSINAGADWGSGAGVSLIMMQIVAIFAHLFYAYKLIRDESTWRRERNVYKWVEYAISATLGTVSVFLSAESDPNRSLLALLITLSITIQTVGYSLDLVRPERTETILTFEYLTKAELVQWLSAAVGQAADFGVVGAAVYARDDWSDTQKDWHFVPYIIGWSSFGILNLFVLIWYPRTSSKSDENETIELWYSILSLLAKAFVFGSTGYYL
SAMEA2622331_12694_2 /location=(2081, 2923, -1) /station=TARA_109 /depth=5 /filter=0-0.22	280	MRPVRQNCHVAAAVLHGGSGIAMLYFACVESSTWQPHVYAVQAEWVDAREGGACSSAADDWLCEVRAQLGRALPVNVYAILATFFFVSFAAEVAYALGKQQSWRWLEYAFSSALQFFAIEVLSNVLDLEAAVFGALLVASLQVYGYLIERQLDVHSEQAAQEQRLVPGKQVAKLPAVRGSRTDCHLWLALGFVQLLAAWVPVFYHFGRSDAPWWVWLIVLGSFATYGLFGVVMVLRVACGWTAERADYCFTALSLLSKLLVSWVYFGGTHMRKGHVTSST
SAMEA2620106_8589_6 /location=(3963, 5033, -1) /station=TARA_039 /depth=270 /filter=0.1-0.22 /best_hit=WP_012517470.1 /annotation=UDP-phosphate alpha-N-acetylglucosaminyl 1-phosphate transferase /species=Alteromonas mediterranea /domain=Bacteria	356	MCFMLAYLQFVPLFTAFFVALILLVVMTPLAHQFGLVDQPSARKRHAGIVPLTGGVAIFMAVLVASVATDVWMKNNPLFFTASAFIVLLGMLDDRFDLSAKGRLMCQFGVAAIMAWSAQNYITSLGNIFGTGEVMLDLGGYFFTIICVVGVINAFNMIDGIDGLAGGMSLVILLTVAGFLTFTGHGTSVMEPLIIVAAIVPFLAFNLSWKGFKGNKIFMGDAGSMFVGLTIVWLLVDHTQGETAAFRPITAVWLVGLPLMDMAAIMYRRARKGQSMLKPDRQHLHNIFMRAGLSSRKSLVAILCLGACYCLIGILGEVYQVPEAVMFWGFMGLLVIYSLVIQHIWSVLRFVKRLTS
SAMEA2622694_1624_11 /location=(7350, 8513, 1) /station=TARA_122 /depth=115 /filter=0.1-0.22	387	MGSDDNGGISKRTYIRAFNGFLGCSHAASLFGIWGYGNLYLESKATTTFTIDISPWYSLKNVTECSDNNFAKDSFGAPVTIGHYTVDVFDFCIAFAAISATYHFVIVFLTFYGDDNGGLAKFFIETWVNPLRWVDYGLSTPLMGVVLYAAYGIRSSHALLTQAVGFTGLQCFGALTEVVNERAAASTKASHPYARPFYIGIQTMLLTAGFGVLIVLFWPLFETMELLRKAEGDDSIPRVESSPPPAVTAFTVVILLFYASFGCCAIYATVKAFEATTATDVLKVQYTIDKVYGACSVMAKTVLHWGLAFVVLGQDDMVSDTRFDDPHIRCERPGEGVQGEWGALVGVSLTAILFGIVTLFFTVVPPISAQGASGARETLLDDEMGTL
SAMEA2619888_16323_2 /location=(2746, 3453, 1) /station=TARA_034 /depth=5 /filter=0.1-0.22	235	MQFFYRQLTRREAVDLFACVAHIILLISICSENSRANWGSAAGLCLIFMQLVAVAAHAFYFRTLYMAKSTFENERNLYKWLEYAISATLGTLSVFLSASENAGVDTNTLVLLITLSVTIQTVGYTLDKVSSNDERVFGEASAVEIVQWASAAVGQSADFYVVYSTVYGRADWNTYTQNWHFIPYVLGWSSFGVWNLWVLYKYRPDQNDEYIELIYSILSLFAKAFVFGSTGHFLD
SAMEA2620273_15753_4 /location=(1629, 2387, 1) /station=TARA_042 /depth=80 /filter=0-0.22 /best_hit=WP_013454904.1 /annotation=rhodopsin /species=Marivirga tractuosa /domain=Bacteria	252	METLFLADVIDIKPDDPVAFTFFTGYMAMFAASVFFFFERQQVDGKWKTSLLVSGLITMIAAVHYYYMRDYYAATGMNPTVLRYIDWTLTVPLMCVEFYLLLRPAGAKQSFMWKLIAASVLMLVAGYVGEAFTDGSMSHSVMWGVFSTVGYVYILYSAWLGEAAQLAKASGNDSVQKGIKALAWFVLVGWAIYPIGYMAMPGGWLGADGLGLLRPQDMDLIYNIGDAINKIGFGLVVYSIAMSETKKAKASA
SAMEA2622799_7571_2 /location=(629, 1405, -1) /station=TARA_124 /depth=120 /filter=0.1-0.22	258	MGCCYIPRGRHVFFIMMDVILALVTMSGMSRNKRLITLKTYIQTPTYDEVDPLENFTPGWSDEPTDVVSVGLVIIFYALWTGAWNTYRWVKLLNNGYSPIPADATTKFPTQTARWFDYAISSPVITILIVLYGGIFDTYTVIGLCALDCCTIVIGALAERLSTDFERRVGTLLAFVPFIIVHTIIWIQFKRLDSDDVPDFVAYIVMSIIIAKALFGIIQLTRVFYLLPYAWAIVLNDWVSELCKQYLGWTLVSRVIFV
SAMEA2619888_16029_8 /location=(3764, 4135, 1) /station=TARA_034 /depth=5 /filter=0.1-0.22	124	MLGTGLLQLTFYISIVVQIITGLVTFGGIFYKLPKQDKVLKDILALETIVQVIEGIFYVYIIMSLRYIRNYVITRRRYLDWVITTPMMLLSTIIYMEYENKKLEGKTVDTKNFIRNNRKNITNM
SAMEA2620039_3431_3 /location=(3920, 4687, -1) /station=TARA_038 /depth=340 /filter=0.1-0.22	255	MSKRDSVWWANVIAGVLHLAQSVAVFGLLGSGTGTESDWPILASGFEGEVLWLHRYPLGWLVPIFPLLSATNHFASAFSKTYDEYTRKTKTNPVRWIEYSMSAAIMLWIIGTLSGVNDVGTLASIVVLNIALMMVGYMAEALGPKHPQAALLQSVGFAIHLAIWTNIITSFYTTISLSDTSVPDVVYSIIWVEFVLFSTFGVLSALGSAGTTNFEQTEIGYIVLSFISKTLLTWLAFGGVFASNERIVEPTPIPP
SAMEA2620413_456717_22 /location=(21203, 22009, -1) /station=TARA_048 /depth=5 /filter=0.1-0.22	268	MNNPTRPRPEPPIDTPPVPRADLAVAAVAVILAVVALVASSLQSGFAPLITLTLTPPGVAPADGGMLILATPTPVVLPGVQMGAAIAVLLLFVAAMRLLLLVPALRRRHATDAAADRHTWRWIEYSQPAGVGTFLVAQLNGITEVTSLVPIYALGAAGALFLIVHDHRAATGRFGGAAFAVGSAVAIVPWGVIAFAQIATLLAGFEVSASIRIVTLLALAASASVWVVTGWRARRDPERTDGCRTDALLGWAIPLAPAALVLATVWVG
